{
  "initialization_time_planning": 0.4719688892364502,
  "execution_time_planning": 66.30385994911194,
  "initialization_time_control": 0.4566459655761719,
  "execution_time_control": 171.86796116828918,
  "total_time": 239.10043597221375
}