{
  "initialization_time_planning": 0.4719688892364502,
  "execution_time_planning": 66.30385994911194,
  "initialization_time_control": 0.4357719421386719,
  "execution_time_control": 90.35625314712524,
  "total_time": 157.5678539276123
}