{
  "initialization_time_planning": 0.4719688892364502,
  "execution_time_planning": 66.30385994911194,
  "initialization_time_control": 0.4619109630584717,
  "execution_time_control": 149.71317195892334,
  "total_time": 216.9509117603302
}