{
  "initialization_time_planning": 0.4719688892364502,
  "execution_time_planning": 66.30385994911194,
  "initialization_time_control": 0.460813045501709,
  "execution_time_control": 238.13916277885437,
  "total_time": 305.37580466270447
}